"id","program_id","start_date","length_days","sequence_number","status","is_deload"
1,1,2026-01-15,7,1,ACTIVE,false
2,1,2026-01-22,7,2,PLANNED,false
3,1,2026-01-29,7,3,PLANNED,false
4,1,2026-02-05,7,4,PLANNED,true
5,1,2026-02-12,7,5,PLANNED,false
6,1,2026-02-19,7,6,PLANNED,false
7,1,2026-02-26,7,7,PLANNED,false
8,1,2026-03-05,7,8,PLANNED,true
9,1,2026-03-12,7,9,PLANNED,false
10,1,2026-03-19,7,10,PLANNED,false
11,1,2026-03-26,7,11,PLANNED,false
12,1,2026-04-02,7,12,PLANNED,true
13,2,2026-01-15,7,1,ACTIVE,false
14,2,2026-01-22,7,2,PLANNED,false
15,2,2026-01-29,7,3,PLANNED,false
16,2,2026-02-05,7,4,PLANNED,true
17,2,2026-02-12,7,5,PLANNED,false
18,2,2026-02-19,7,6,PLANNED,false
19,2,2026-02-26,7,7,PLANNED,false
20,2,2026-03-05,7,8,PLANNED,true
21,2,2026-03-12,7,9,PLANNED,false
22,2,2026-03-19,7,10,PLANNED,false
23,2,2026-03-26,7,11,PLANNED,false
24,2,2026-04-02,7,12,PLANNED,true
25,3,2026-01-16,7,1,ACTIVE,false
26,3,2026-01-23,7,2,PLANNED,false
27,3,2026-01-30,7,3,PLANNED,false
28,3,2026-02-06,7,4,PLANNED,true
29,3,2026-02-13,7,5,PLANNED,false
30,3,2026-02-20,7,6,PLANNED,false
31,3,2026-02-27,7,7,PLANNED,false
32,3,2026-03-06,7,8,PLANNED,true
33,3,2026-03-13,7,9,PLANNED,false
34,3,2026-03-20,7,10,PLANNED,false
35,3,2026-03-27,7,11,PLANNED,false
36,3,2026-04-03,7,12,PLANNED,true
37,4,2026-01-16,7,1,ACTIVE,false
38,4,2026-01-23,7,2,PLANNED,false
39,4,2026-01-30,7,3,PLANNED,false
40,4,2026-02-06,7,4,PLANNED,true
41,4,2026-02-13,7,5,PLANNED,false
42,4,2026-02-20,7,6,PLANNED,false
43,4,2026-02-27,7,7,PLANNED,false
44,4,2026-03-06,7,8,PLANNED,true
45,4,2026-03-13,7,9,PLANNED,false
46,4,2026-03-20,7,10,PLANNED,false
47,4,2026-03-27,7,11,PLANNED,false
48,4,2026-04-03,7,12,PLANNED,true
49,5,2026-01-16,7,1,ACTIVE,false
50,5,2026-01-23,7,2,PLANNED,false
51,5,2026-01-30,7,3,PLANNED,false
52,5,2026-02-06,7,4,PLANNED,true
53,5,2026-02-13,7,5,PLANNED,false
54,5,2026-02-20,7,6,PLANNED,false
55,5,2026-02-27,7,7,PLANNED,false
56,5,2026-03-06,7,8,PLANNED,true
57,5,2026-03-13,7,9,PLANNED,false
58,5,2026-03-20,7,10,PLANNED,false
59,5,2026-03-27,7,11,PLANNED,false
60,5,2026-04-03,7,12,PLANNED,true
61,6,2026-01-16,7,1,ACTIVE,false
62,6,2026-01-23,7,2,PLANNED,false
63,6,2026-01-30,7,3,PLANNED,false
64,6,2026-02-06,7,4,PLANNED,true
65,6,2026-02-13,7,5,PLANNED,false
66,6,2026-02-20,7,6,PLANNED,false
67,6,2026-02-27,7,7,PLANNED,false
68,6,2026-03-06,7,8,PLANNED,true
69,6,2026-03-13,7,9,PLANNED,false
70,6,2026-03-20,7,10,PLANNED,false
71,6,2026-03-27,7,11,PLANNED,false
72,6,2026-04-03,7,12,PLANNED,true
73,7,2026-01-16,7,1,ACTIVE,false
74,7,2026-01-23,7,2,PLANNED,false
75,7,2026-01-30,7,3,PLANNED,false
76,7,2026-02-06,7,4,PLANNED,true
77,7,2026-02-13,7,5,PLANNED,false
78,7,2026-02-20,7,6,PLANNED,false
79,7,2026-02-27,7,7,PLANNED,false
80,7,2026-03-06,7,8,PLANNED,true
81,7,2026-03-13,7,9,PLANNED,false
82,7,2026-03-20,7,10,PLANNED,false
83,7,2026-03-27,7,11,PLANNED,false
84,7,2026-04-03,7,12,PLANNED,true
85,8,2026-01-16,7,1,ACTIVE,false
86,8,2026-01-23,7,2,PLANNED,false
87,8,2026-01-30,7,3,PLANNED,false
88,8,2026-02-06,7,4,PLANNED,true
89,8,2026-02-13,7,5,PLANNED,false
90,8,2026-02-20,7,6,PLANNED,false
91,8,2026-02-27,7,7,PLANNED,false
92,8,2026-03-06,7,8,PLANNED,true
93,8,2026-03-13,7,9,PLANNED,false
94,8,2026-03-20,7,10,PLANNED,false
95,8,2026-03-27,7,11,PLANNED,false
96,8,2026-04-03,7,12,PLANNED,true
97,9,2026-01-16,7,1,ACTIVE,false
98,9,2026-01-23,7,2,PLANNED,false
99,9,2026-01-30,7,3,PLANNED,false
100,9,2026-02-06,7,4,PLANNED,true
101,9,2026-02-13,7,5,PLANNED,false
102,9,2026-02-20,7,6,PLANNED,false
103,9,2026-02-27,7,7,PLANNED,false
104,9,2026-03-06,7,8,PLANNED,true
105,9,2026-03-13,7,9,PLANNED,false
106,9,2026-03-20,7,10,PLANNED,false
107,9,2026-03-27,7,11,PLANNED,false
108,9,2026-04-03,7,12,PLANNED,true
844,114,2026-01-24,14,1,ACTIVE,false
845,114,2026-02-07,14,2,PLANNED,false
846,114,2026-02-21,14,3,PLANNED,false
847,114,2026-03-07,14,4,PLANNED,true
848,114,2026-03-21,14,5,PLANNED,false
849,114,2026-04-04,14,6,PLANNED,false
850,115,2026-01-24,14,1,ACTIVE,false
851,115,2026-02-07,14,2,PLANNED,false
117,11,2026-01-16,7,1,ACTIVE,false
118,11,2026-01-23,7,2,PLANNED,false
119,11,2026-01-30,7,3,PLANNED,false
120,11,2026-02-06,7,4,PLANNED,true
121,11,2026-02-13,7,5,PLANNED,false
122,11,2026-02-20,7,6,PLANNED,false
123,11,2026-02-27,7,7,PLANNED,false
124,11,2026-03-06,7,8,PLANNED,true
125,11,2026-03-13,7,9,PLANNED,false
126,11,2026-03-20,7,10,PLANNED,false
127,11,2026-03-27,7,11,PLANNED,false
128,11,2026-04-03,7,12,PLANNED,true
129,12,2026-01-16,7,1,ACTIVE,false
130,12,2026-01-23,7,2,PLANNED,false
131,12,2026-01-30,7,3,PLANNED,false
132,12,2026-02-06,7,4,PLANNED,true
133,12,2026-02-13,7,5,PLANNED,false
134,12,2026-02-20,7,6,PLANNED,false
135,12,2026-02-27,7,7,PLANNED,false
136,12,2026-03-06,7,8,PLANNED,true
137,12,2026-03-13,7,9,PLANNED,false
138,12,2026-03-20,7,10,PLANNED,false
139,12,2026-03-27,7,11,PLANNED,false
140,12,2026-04-03,7,12,PLANNED,true
852,115,2026-02-21,14,3,PLANNED,false
853,115,2026-03-07,14,4,PLANNED,true
854,115,2026-03-21,14,5,PLANNED,false
855,115,2026-04-04,14,6,PLANNED,false
862,117,2026-01-24,14,1,ACTIVE,false
863,117,2026-02-07,14,2,PLANNED,false
864,117,2026-02-21,14,3,PLANNED,false
865,117,2026-03-07,14,4,PLANNED,true
866,117,2026-03-21,14,5,PLANNED,false
867,117,2026-04-04,14,6,PLANNED,false
868,118,2026-01-24,14,1,ACTIVE,false
869,118,2026-02-07,14,2,PLANNED,false
870,118,2026-02-21,14,3,PLANNED,false
871,118,2026-03-07,14,4,PLANNED,true
872,118,2026-03-21,14,5,PLANNED,false
873,118,2026-04-04,14,6,PLANNED,false
886,121,2026-01-24,14,1,ACTIVE,false
887,121,2026-02-07,14,2,PLANNED,false
888,121,2026-02-21,14,3,PLANNED,false
889,121,2026-03-07,14,4,PLANNED,true
890,121,2026-03-21,14,5,PLANNED,false
891,121,2026-04-04,14,6,PLANNED,false
892,122,2026-01-24,14,1,ACTIVE,false
893,122,2026-02-07,14,2,PLANNED,false
381,38,2026-01-19,7,1,ACTIVE,false
382,38,2026-01-26,7,2,PLANNED,false
383,38,2026-02-02,7,3,PLANNED,false
384,38,2026-02-09,7,4,PLANNED,true
385,38,2026-02-16,7,5,PLANNED,false
386,38,2026-02-23,7,6,PLANNED,false
387,38,2026-03-02,7,7,PLANNED,false
388,38,2026-03-09,7,8,PLANNED,true
389,38,2026-03-16,7,9,PLANNED,false
390,38,2026-03-23,7,10,PLANNED,false
391,38,2026-03-30,7,11,PLANNED,false
392,38,2026-04-06,7,12,PLANNED,true
894,122,2026-02-21,14,3,PLANNED,false
895,122,2026-03-07,14,4,PLANNED,true
896,122,2026-03-21,14,5,PLANNED,false
897,122,2026-04-04,14,6,PLANNED,false
241,22,2026-01-16,7,1,ACTIVE,false
242,22,2026-01-23,7,2,PLANNED,false
243,22,2026-01-30,7,3,PLANNED,false
244,22,2026-02-06,7,4,PLANNED,true
245,22,2026-02-13,7,5,PLANNED,false
246,22,2026-02-20,7,6,PLANNED,false
247,22,2026-02-27,7,7,PLANNED,false
248,22,2026-03-06,7,8,PLANNED,true
249,22,2026-03-13,7,9,PLANNED,false
250,22,2026-03-20,7,10,PLANNED,false
251,22,2026-03-27,7,11,PLANNED,false
252,22,2026-04-03,7,12,PLANNED,true
429,42,2026-01-20,7,1,ACTIVE,false
430,42,2026-01-27,7,2,PLANNED,false
431,42,2026-02-03,7,3,PLANNED,false
432,42,2026-02-10,7,4,PLANNED,true
433,42,2026-02-17,7,5,PLANNED,false
434,42,2026-02-24,7,6,PLANNED,false
435,42,2026-03-03,7,7,PLANNED,false
436,42,2026-03-10,7,8,PLANNED,true
437,42,2026-03-17,7,9,PLANNED,false
438,42,2026-03-24,7,10,PLANNED,false
439,42,2026-03-31,7,11,PLANNED,false
440,42,2026-04-07,7,12,PLANNED,true
441,43,2026-01-20,7,1,ACTIVE,false
442,43,2026-01-27,7,2,PLANNED,false
443,43,2026-02-03,7,3,PLANNED,false
444,43,2026-02-10,7,4,PLANNED,true
445,43,2026-02-17,7,5,PLANNED,false
446,43,2026-02-24,7,6,PLANNED,false
447,43,2026-03-03,7,7,PLANNED,false
448,43,2026-03-10,7,8,PLANNED,true
449,47,2026-01-20,7,1,ACTIVE,false
450,47,2026-01-27,7,2,PLANNED,false
451,47,2026-02-03,7,3,PLANNED,false
452,47,2026-02-10,7,4,PLANNED,true
453,47,2026-02-17,7,5,PLANNED,false
454,47,2026-02-24,7,6,PLANNED,false
455,47,2026-03-03,7,7,PLANNED,false
456,47,2026-03-10,7,8,PLANNED,true
856,116,2026-01-24,14,1,ACTIVE,false
857,116,2026-02-07,14,2,PLANNED,false
858,116,2026-02-21,14,3,PLANNED,false
859,116,2026-03-07,14,4,PLANNED,true
860,116,2026-03-21,14,5,PLANNED,false
861,116,2026-04-04,14,6,PLANNED,false
898,123,2026-01-24,14,1,ACTIVE,false
899,123,2026-02-07,14,2,PLANNED,false
900,123,2026-02-21,14,3,PLANNED,false
901,123,2026-03-07,14,4,PLANNED,true
902,123,2026-03-21,14,5,PLANNED,false
903,123,2026-04-04,14,6,PLANNED,false
904,124,2026-01-24,14,1,ACTIVE,false
905,124,2026-02-07,14,2,PLANNED,false
906,124,2026-02-21,14,3,PLANNED,false
907,124,2026-03-07,14,4,PLANNED,true
908,124,2026-03-21,14,5,PLANNED,false
909,124,2026-04-04,14,6,PLANNED,false
916,126,2026-01-24,14,1,ACTIVE,false
917,126,2026-02-07,14,2,PLANNED,false
477,56,2026-01-20,7,1,ACTIVE,false
478,56,2026-01-27,7,2,PLANNED,false
479,56,2026-02-03,7,3,PLANNED,false
480,56,2026-02-10,7,4,PLANNED,true
481,56,2026-02-17,7,5,PLANNED,false
482,56,2026-02-24,7,6,PLANNED,false
483,56,2026-03-03,7,7,PLANNED,false
484,56,2026-03-10,7,8,PLANNED,true
485,56,2026-03-17,7,9,PLANNED,false
486,56,2026-03-24,7,10,PLANNED,false
487,56,2026-03-31,7,11,PLANNED,false
488,56,2026-04-07,7,12,PLANNED,true
918,126,2026-02-21,14,3,PLANNED,false
919,126,2026-03-07,14,4,PLANNED,true
920,126,2026-03-21,14,5,PLANNED,false
921,126,2026-04-04,14,6,PLANNED,false
928,128,2026-01-24,14,1,ACTIVE,false
929,128,2026-02-07,14,2,PLANNED,false
930,128,2026-02-21,14,3,PLANNED,false
931,128,2026-03-07,14,4,PLANNED,true
932,128,2026-03-21,14,5,PLANNED,false
933,128,2026-04-04,14,6,PLANNED,false
944,131,2026-01-24,14,1,ACTIVE,false
945,131,2026-02-07,14,2,PLANNED,false
501,58,2026-01-20,7,1,ACTIVE,false
502,58,2026-01-27,7,2,PLANNED,false
503,58,2026-02-03,7,3,PLANNED,false
504,58,2026-02-10,7,4,PLANNED,true
505,58,2026-02-17,7,5,PLANNED,false
506,58,2026-02-24,7,6,PLANNED,false
507,58,2026-03-03,7,7,PLANNED,false
508,58,2026-03-10,7,8,PLANNED,true
509,58,2026-03-17,7,9,PLANNED,false
510,58,2026-03-24,7,10,PLANNED,false
511,58,2026-03-31,7,11,PLANNED,false
512,58,2026-04-07,7,12,PLANNED,true
946,131,2026-02-21,14,3,PLANNED,false
947,131,2026-03-07,14,4,PLANNED,true
948,131,2026-03-21,14,5,PLANNED,false
949,131,2026-04-04,14,6,PLANNED,false
950,132,2026-01-24,14,1,ACTIVE,false
951,132,2026-02-07,14,2,PLANNED,false
952,132,2026-02-21,14,3,PLANNED,false
953,132,2026-03-07,14,4,PLANNED,true
954,132,2026-03-21,14,5,PLANNED,false
955,132,2026-04-04,14,6,PLANNED,false
956,133,2026-01-26,14,1,ACTIVE,false
957,133,2026-02-09,14,2,PLANNED,false
958,133,2026-02-23,14,3,PLANNED,false
959,133,2026-03-09,14,4,PLANNED,true
960,133,2026-03-23,14,5,PLANNED,false
961,133,2026-04-06,14,6,PLANNED,false
549,62,2026-01-20,7,1,ACTIVE,false
550,62,2026-01-27,7,2,PLANNED,false
551,62,2026-02-03,7,3,PLANNED,false
552,62,2026-02-10,7,4,PLANNED,true
553,62,2026-02-17,7,5,PLANNED,false
554,62,2026-02-24,7,6,PLANNED,false
555,62,2026-03-03,7,7,PLANNED,false
556,62,2026-03-10,7,8,PLANNED,true
557,62,2026-03-17,7,9,PLANNED,false
558,62,2026-03-24,7,10,PLANNED,false
559,62,2026-03-31,7,11,PLANNED,false
560,62,2026-04-07,7,12,PLANNED,true
874,119,2026-01-24,14,1,ACTIVE,false
875,119,2026-02-07,14,2,PLANNED,false
876,119,2026-02-21,14,3,PLANNED,false
877,119,2026-03-07,14,4,PLANNED,true
878,119,2026-03-21,14,5,PLANNED,false
879,119,2026-04-04,14,6,PLANNED,false
910,125,2026-01-24,14,1,ACTIVE,false
911,125,2026-02-07,14,2,PLANNED,false
912,125,2026-02-21,14,3,PLANNED,false
913,125,2026-03-07,14,4,PLANNED,true
914,125,2026-03-21,14,5,PLANNED,false
915,125,2026-04-04,14,6,PLANNED,false
581,65,2026-01-20,7,1,ACTIVE,false
582,65,2026-01-27,7,2,PLANNED,false
583,65,2026-02-03,7,3,PLANNED,false
584,65,2026-02-10,7,4,PLANNED,true
585,65,2026-02-17,7,5,PLANNED,false
586,65,2026-02-24,7,6,PLANNED,false
587,65,2026-03-03,7,7,PLANNED,false
588,65,2026-03-10,7,8,PLANNED,true
589,65,2026-03-17,7,9,PLANNED,false
590,65,2026-03-24,7,10,PLANNED,false
591,65,2026-03-31,7,11,PLANNED,false
592,65,2026-04-07,7,12,PLANNED,true
922,127,2026-01-24,14,1,ACTIVE,false
923,127,2026-02-07,14,2,PLANNED,false
924,127,2026-02-21,14,3,PLANNED,false
925,127,2026-03-07,14,4,PLANNED,true
926,127,2026-03-21,14,5,PLANNED,false
927,127,2026-04-04,14,6,PLANNED,false
934,129,2026-01-24,14,1,ACTIVE,false
935,129,2026-02-07,14,2,PLANNED,false
936,129,2026-02-21,14,3,PLANNED,false
937,129,2026-03-07,14,4,PLANNED,true
938,130,2026-01-24,14,1,ACTIVE,false
939,130,2026-02-07,14,2,PLANNED,false
940,130,2026-02-21,14,3,PLANNED,false
941,130,2026-03-07,14,4,PLANNED,true
942,130,2026-03-21,14,5,PLANNED,false
943,130,2026-04-04,14,6,PLANNED,false
637,70,2026-01-20,7,1,ACTIVE,false
638,70,2026-01-27,7,2,PLANNED,false
639,70,2026-02-03,7,3,PLANNED,false
640,70,2026-02-10,7,4,PLANNED,true
641,70,2026-02-17,7,5,PLANNED,false
642,70,2026-02-24,7,6,PLANNED,false
643,70,2026-03-03,7,7,PLANNED,false
644,70,2026-03-10,7,8,PLANNED,true
645,71,2026-01-20,7,1,ACTIVE,false
646,71,2026-01-27,7,2,PLANNED,false
647,71,2026-02-03,7,3,PLANNED,false
648,71,2026-02-10,7,4,PLANNED,true
649,71,2026-02-17,7,5,PLANNED,false
650,71,2026-02-24,7,6,PLANNED,false
651,71,2026-03-03,7,7,PLANNED,false
652,71,2026-03-10,7,8,PLANNED,true
653,71,2026-03-17,7,9,PLANNED,false
654,71,2026-03-24,7,10,PLANNED,false
655,71,2026-03-31,7,11,PLANNED,false
656,71,2026-04-07,7,12,PLANNED,true
669,73,2026-01-21,7,1,ACTIVE,false
670,73,2026-01-28,7,2,PLANNED,false
671,73,2026-02-04,7,3,PLANNED,false
672,73,2026-02-11,7,4,PLANNED,true
673,73,2026-02-18,7,5,PLANNED,false
674,73,2026-02-25,7,6,PLANNED,false
675,73,2026-03-04,7,7,PLANNED,false
676,73,2026-03-11,7,8,PLANNED,true
677,73,2026-03-18,7,9,PLANNED,false
678,73,2026-03-25,7,10,PLANNED,false
679,73,2026-04-01,7,11,PLANNED,false
680,73,2026-04-08,7,12,PLANNED,true
700,85,2026-01-21,14,1,ACTIVE,false
701,85,2026-02-04,14,2,PLANNED,false
702,85,2026-02-18,14,3,PLANNED,false
703,85,2026-03-04,14,4,PLANNED,true
704,85,2026-03-18,14,5,PLANNED,false
705,85,2026-04-01,14,6,PLANNED,false
706,86,2026-01-21,14,1,ACTIVE,false
707,86,2026-02-04,14,2,PLANNED,false
708,86,2026-02-18,14,3,PLANNED,false
709,86,2026-03-04,14,4,PLANNED,true
710,87,2026-01-21,14,1,ACTIVE,false
711,87,2026-02-04,14,2,PLANNED,false
712,87,2026-02-18,14,3,PLANNED,false
713,87,2026-03-04,14,4,PLANNED,true
722,90,2026-01-21,14,1,ACTIVE,false
723,90,2026-02-04,14,2,PLANNED,false
724,90,2026-02-18,14,3,PLANNED,false
725,90,2026-03-04,14,4,PLANNED,true
726,90,2026-03-18,14,5,PLANNED,false
727,90,2026-04-01,14,6,PLANNED,false
728,91,2026-01-21,14,1,ACTIVE,false
729,91,2026-02-04,14,2,PLANNED,false
730,91,2026-02-18,14,3,PLANNED,false
731,91,2026-03-04,14,4,PLANNED,true
732,91,2026-03-18,14,5,PLANNED,false
733,91,2026-04-01,14,6,PLANNED,false
734,92,2026-01-21,14,1,ACTIVE,false
735,92,2026-02-04,14,2,PLANNED,false
736,92,2026-02-18,14,3,PLANNED,false
737,92,2026-03-04,14,4,PLANNED,true
738,93,2026-01-21,14,1,ACTIVE,false
739,93,2026-02-04,14,2,PLANNED,false
740,93,2026-02-18,14,3,PLANNED,false
741,93,2026-03-04,14,4,PLANNED,true
742,93,2026-03-18,14,5,PLANNED,false
743,93,2026-04-01,14,6,PLANNED,false
750,95,2026-01-23,14,1,ACTIVE,false
751,95,2026-02-06,14,2,PLANNED,false
752,95,2026-02-20,14,3,PLANNED,false
753,95,2026-03-06,14,4,PLANNED,true
754,95,2026-03-20,14,5,PLANNED,false
755,95,2026-04-03,14,6,PLANNED,false
762,97,2026-01-23,14,1,ACTIVE,false
763,97,2026-02-06,14,2,PLANNED,false
764,97,2026-02-20,14,3,PLANNED,false
765,97,2026-03-06,14,4,PLANNED,true
766,98,2026-01-23,14,1,ACTIVE,false
767,98,2026-02-06,14,2,PLANNED,false
768,98,2026-02-20,14,3,PLANNED,false
769,98,2026-03-06,14,4,PLANNED,true
782,102,2026-01-23,14,1,ACTIVE,false
783,102,2026-02-06,14,2,PLANNED,false
784,102,2026-02-20,14,3,PLANNED,false
785,102,2026-03-06,14,4,PLANNED,true
786,102,2026-03-20,14,5,PLANNED,false
787,102,2026-04-03,14,6,PLANNED,false
788,103,2026-01-23,14,1,ACTIVE,false
789,103,2026-02-06,14,2,PLANNED,false
790,103,2026-02-20,14,3,PLANNED,false
791,103,2026-03-06,14,4,PLANNED,true
792,103,2026-03-20,14,5,PLANNED,false
793,103,2026-04-03,14,6,PLANNED,false
804,106,2026-01-23,14,1,ACTIVE,false
805,106,2026-02-06,14,2,PLANNED,false
806,106,2026-02-20,14,3,PLANNED,false
807,106,2026-03-06,14,4,PLANNED,true
880,120,2026-01-24,14,1,ACTIVE,false
881,120,2026-02-07,14,2,PLANNED,false
882,120,2026-02-21,14,3,PLANNED,false
883,120,2026-03-07,14,4,PLANNED,true
812,108,2026-01-23,14,1,ACTIVE,false
813,108,2026-02-06,14,2,PLANNED,false
814,108,2026-02-20,14,3,PLANNED,false
815,108,2026-03-06,14,4,PLANNED,true
816,109,2026-01-23,14,1,ACTIVE,false
817,109,2026-02-06,14,2,PLANNED,false
818,109,2026-02-20,14,3,PLANNED,false
819,109,2026-03-06,14,4,PLANNED,true
884,120,2026-03-21,14,5,PLANNED,false
885,120,2026-04-04,14,6,PLANNED,false
838,113,2026-01-24,14,1,ACTIVE,false
839,113,2026-02-07,14,2,PLANNED,false
840,113,2026-02-21,14,3,PLANNED,false
841,113,2026-03-07,14,4,PLANNED,true
842,113,2026-03-21,14,5,PLANNED,false
843,113,2026-04-04,14,6,PLANNED,false
