"id","movement_id","muscle_id","role","magnitude"
597,264,42,SECONDARY,1
598,264,41,SECONDARY,1
599,264,39,SECONDARY,1
600,76,45,SECONDARY,1
601,123,41,SECONDARY,1
602,123,57,SECONDARY,1
603,227,40,SECONDARY,1
604,227,54,SECONDARY,1
605,259,45,SECONDARY,1
606,269,43,SECONDARY,1
607,269,57,SECONDARY,1
608,40,53,SECONDARY,1
609,41,55,SECONDARY,1
610,42,44,SECONDARY,1
611,42,47,SECONDARY,1
612,270,56,SECONDARY,1
613,271,42,SECONDARY,1
614,294,42,SECONDARY,1
615,299,41,SECONDARY,1
616,299,40,SECONDARY,1
617,305,56,SECONDARY,1
618,305,42,SECONDARY,1
619,318,41,SECONDARY,1
620,318,40,SECONDARY,1
621,318,54,SECONDARY,1
622,324,39,SECONDARY,1
623,330,56,SECONDARY,1
624,332,49,SECONDARY,1
625,332,43,SECONDARY,1
626,335,57,SECONDARY,1
627,358,43,SECONDARY,1
628,369,54,SECONDARY,1
629,369,57,SECONDARY,1
630,370,57,SECONDARY,1
631,371,42,SECONDARY,1
632,371,41,SECONDARY,1
633,371,39,SECONDARY,1
634,43,41,SECONDARY,1
635,43,42,SECONDARY,1
636,44,39,SECONDARY,1
637,44,40,SECONDARY,1
638,45,41,SECONDARY,1
639,45,42,SECONDARY,1
640,46,44,SECONDARY,1
641,46,47,SECONDARY,1
642,235,57,SECONDARY,1
643,235,50,SECONDARY,1
644,262,42,SECONDARY,1
645,262,40,SECONDARY,1
646,341,56,SECONDARY,1
647,341,42,SECONDARY,1
648,341,41,SECONDARY,1
649,341,39,SECONDARY,1
650,152,42,SECONDARY,1
651,152,41,SECONDARY,1
652,152,40,SECONDARY,1
653,180,41,SECONDARY,1
654,180,40,SECONDARY,1
655,289,42,SECONDARY,1
656,289,41,SECONDARY,1
657,289,40,SECONDARY,1
658,296,42,SECONDARY,1
659,296,41,SECONDARY,1
660,296,40,SECONDARY,1
661,101,40,SECONDARY,1
662,104,51,SECONDARY,1
663,104,41,SECONDARY,1
664,104,40,SECONDARY,1
665,104,54,SECONDARY,1
668,1,52,SECONDARY,1
671,2,45,SECONDARY,1
672,3,41,SECONDARY,1
673,3,52,SECONDARY,1
674,4,41,SECONDARY,1
675,4,55,SECONDARY,1
676,4,52,SECONDARY,1
677,5,41,SECONDARY,1
678,5,40,SECONDARY,1
679,6,41,SECONDARY,1
680,6,40,SECONDARY,1
684,7,51,SECONDARY,1
685,8,41,SECONDARY,1
686,8,54,SECONDARY,1
687,9,41,SECONDARY,1
688,9,52,SECONDARY,1
689,10,40,SECONDARY,1
690,11,41,SECONDARY,1
691,11,54,SECONDARY,1
692,12,40,SECONDARY,1
693,12,52,SECONDARY,1
694,12,44,SECONDARY,1
697,14,47,SECONDARY,1
698,14,50,SECONDARY,1
699,15,47,SECONDARY,1
700,15,50,SECONDARY,1
701,16,47,SECONDARY,1
702,16,50,SECONDARY,1
703,16,52,SECONDARY,1
704,17,50,SECONDARY,1
705,17,47,SECONDARY,1
708,18,52,SECONDARY,1
709,19,50,SECONDARY,1
710,19,48,SECONDARY,1
711,20,50,SECONDARY,1
712,20,52,SECONDARY,1
713,21,50,SECONDARY,1
714,21,52,SECONDARY,1
715,21,45,SECONDARY,1
719,23,45,SECONDARY,1
720,23,46,SECONDARY,1
721,23,49,SECONDARY,1
722,24,45,SECONDARY,1
723,24,49,SECONDARY,1
724,25,44,SECONDARY,1
725,25,46,SECONDARY,1
726,25,49,SECONDARY,1
729,26,52,SECONDARY,1
732,28,49,SECONDARY,1
733,28,45,SECONDARY,1
734,29,43,SECONDARY,1
735,29,50,SECONDARY,1
736,29,52,SECONDARY,1
737,37,53,SECONDARY,1
738,37,47,SECONDARY,1
739,38,52,SECONDARY,1
740,38,48,SECONDARY,1
741,39,55,SECONDARY,1
742,59,55,SECONDARY,1
743,59,50,SECONDARY,1
744,60,52,SECONDARY,1
745,60,47,SECONDARY,1
746,61,41,SECONDARY,1
747,64,47,SECONDARY,1
748,64,49,SECONDARY,1
749,127,52,SECONDARY,1
750,127,49,SECONDARY,1
751,127,42,SECONDARY,1
752,127,51,SECONDARY,1
753,127,54,SECONDARY,1
754,127,57,SECONDARY,1
755,127,45,SECONDARY,1
756,65,52,SECONDARY,1
757,65,47,SECONDARY,1
758,65,41,SECONDARY,1
759,62,39,SECONDARY,1
760,62,41,SECONDARY,1
761,62,42,SECONDARY,1
762,34,52,SECONDARY,1
763,34,45,SECONDARY,1
764,34,39,SECONDARY,1
765,35,52,SECONDARY,1
766,35,51,SECONDARY,1
767,35,45,SECONDARY,1
768,36,52,SECONDARY,1
769,36,45,SECONDARY,1
770,63,41,SECONDARY,1
771,63,42,SECONDARY,1
772,63,52,SECONDARY,1
773,70,41,SECONDARY,1
774,70,40,SECONDARY,1
775,70,57,SECONDARY,1
776,222,42,SECONDARY,1
777,222,41,SECONDARY,1
778,222,54,SECONDARY,1
779,222,57,SECONDARY,1
780,77,57,SECONDARY,1
781,78,49,SECONDARY,1
782,78,51,SECONDARY,1
783,78,41,SECONDARY,1
784,78,40,SECONDARY,1
785,78,39,SECONDARY,1
786,79,52,SECONDARY,1
787,79,56,SECONDARY,1
788,79,49,SECONDARY,1
789,79,42,SECONDARY,1
790,79,51,SECONDARY,1
791,79,41,SECONDARY,1
792,79,40,SECONDARY,1
793,79,57,SECONDARY,1
794,79,39,SECONDARY,1
795,79,45,SECONDARY,1
796,80,57,SECONDARY,1
797,80,50,SECONDARY,1
798,81,42,SECONDARY,1
799,81,51,SECONDARY,1
800,81,41,SECONDARY,1
801,81,40,SECONDARY,1
802,81,54,SECONDARY,1
803,82,40,SECONDARY,1
804,82,39,SECONDARY,1
805,83,51,SECONDARY,1
806,84,51,SECONDARY,1
807,85,42,SECONDARY,1
808,85,40,SECONDARY,1
809,87,42,SECONDARY,1
810,87,41,SECONDARY,1
811,87,40,SECONDARY,1
812,87,39,SECONDARY,1
813,88,43,SECONDARY,1
814,88,51,SECONDARY,1
815,89,42,SECONDARY,1
816,89,41,SECONDARY,1
817,89,40,SECONDARY,1
818,90,43,SECONDARY,1
819,90,44,SECONDARY,1
820,90,57,SECONDARY,1
821,90,50,SECONDARY,1
822,97,49,SECONDARY,1
823,97,57,SECONDARY,1
824,95,52,SECONDARY,1
825,95,57,SECONDARY,1
826,95,50,SECONDARY,1
827,99,50,SECONDARY,1
828,93,42,SECONDARY,1
829,93,41,SECONDARY,1
830,93,40,SECONDARY,1
831,94,42,SECONDARY,1
832,94,41,SECONDARY,1
833,94,40,SECONDARY,1
834,225,52,SECONDARY,1
835,225,49,SECONDARY,1
836,225,43,SECONDARY,1
837,102,57,SECONDARY,1
838,110,49,SECONDARY,1
839,110,57,SECONDARY,1
840,117,51,SECONDARY,1
841,389,42,SECONDARY,1
842,389,41,SECONDARY,1
843,389,39,SECONDARY,1
844,118,52,SECONDARY,1
845,118,56,SECONDARY,1
846,118,42,SECONDARY,1
847,118,41,SECONDARY,1
848,118,40,SECONDARY,1
849,118,39,SECONDARY,1
850,119,52,SECONDARY,1
851,119,43,SECONDARY,1
852,119,57,SECONDARY,1
853,121,52,SECONDARY,1
854,121,57,SECONDARY,1
855,121,50,SECONDARY,1
856,124,51,SECONDARY,1
857,124,41,SECONDARY,1
858,124,40,SECONDARY,1
859,124,54,SECONDARY,1
860,124,45,SECONDARY,1
861,124,50,SECONDARY,1
862,125,43,SECONDARY,1
863,125,57,SECONDARY,1
864,120,57,SECONDARY,1
865,130,51,SECONDARY,1
866,138,43,SECONDARY,1
867,138,57,SECONDARY,1
868,141,41,SECONDARY,1
869,141,40,SECONDARY,1
870,141,57,SECONDARY,1
871,141,50,SECONDARY,1
872,142,52,SECONDARY,1
873,142,40,SECONDARY,1
874,146,45,SECONDARY,1
875,148,42,SECONDARY,1
876,148,41,SECONDARY,1
877,148,40,SECONDARY,1
878,149,51,SECONDARY,1
879,150,45,SECONDARY,1
880,153,57,SECONDARY,1
881,153,50,SECONDARY,1
882,226,49,SECONDARY,1
883,154,56,SECONDARY,1
884,154,42,SECONDARY,1
885,154,41,SECONDARY,1
886,154,40,SECONDARY,1
887,50,45,SECONDARY,1
888,156,40,SECONDARY,1
889,158,42,SECONDARY,1
890,158,41,SECONDARY,1
891,158,40,SECONDARY,1
892,159,49,SECONDARY,1
893,159,57,SECONDARY,1
894,160,40,SECONDARY,1
895,161,49,SECONDARY,1
896,161,44,SECONDARY,1
897,165,42,SECONDARY,1
898,165,41,SECONDARY,1
899,166,41,SECONDARY,1
900,167,56,SECONDARY,1
901,167,42,SECONDARY,1
902,167,41,SECONDARY,1
903,167,40,SECONDARY,1
904,168,41,SECONDARY,1
905,168,40,SECONDARY,1
906,172,57,SECONDARY,1
907,173,57,SECONDARY,1
908,174,57,SECONDARY,1
909,175,43,SECONDARY,1
910,175,41,SECONDARY,1
911,175,40,SECONDARY,1
912,175,54,SECONDARY,1
913,175,39,SECONDARY,1
914,175,45,SECONDARY,1
915,54,39,SECONDARY,1
916,55,55,SECONDARY,1
917,179,52,SECONDARY,1
918,179,57,SECONDARY,1
919,179,50,SECONDARY,1
920,181,52,SECONDARY,1
921,181,49,SECONDARY,1
922,181,42,SECONDARY,1
923,181,51,SECONDARY,1
924,181,41,SECONDARY,1
925,181,40,SECONDARY,1
926,181,57,SECONDARY,1
927,181,39,SECONDARY,1
928,181,45,SECONDARY,1
929,182,40,SECONDARY,1
930,182,57,SECONDARY,1
931,183,41,SECONDARY,1
932,183,40,SECONDARY,1
933,183,57,SECONDARY,1
934,187,56,SECONDARY,1
935,187,54,SECONDARY,1
936,188,40,SECONDARY,1
937,188,39,SECONDARY,1
938,184,52,SECONDARY,1
939,185,39,SECONDARY,1
940,185,50,SECONDARY,1
941,186,41,SECONDARY,1
942,186,40,SECONDARY,1
943,186,57,SECONDARY,1
944,186,50,SECONDARY,1
945,56,52,SECONDARY,1
946,190,52,SECONDARY,1
947,192,41,SECONDARY,1
948,192,54,SECONDARY,1
949,192,57,SECONDARY,1
950,193,52,SECONDARY,1
951,193,42,SECONDARY,1
952,193,43,SECONDARY,1
953,193,40,SECONDARY,1
954,193,39,SECONDARY,1
955,193,50,SECONDARY,1
956,57,53,SECONDARY,1
957,195,51,SECONDARY,1
958,196,42,SECONDARY,1
959,196,39,SECONDARY,1
960,197,42,SECONDARY,1
961,197,41,SECONDARY,1
962,197,39,SECONDARY,1
963,224,40,SECONDARY,1
964,198,52,SECONDARY,1
965,198,43,SECONDARY,1
966,198,41,SECONDARY,1
967,198,40,SECONDARY,1
968,198,54,SECONDARY,1
969,198,57,SECONDARY,1
970,198,39,SECONDARY,1
971,198,45,SECONDARY,1
972,198,50,SECONDARY,1
973,199,49,SECONDARY,1
974,199,51,SECONDARY,1
975,199,57,SECONDARY,1
976,201,57,SECONDARY,1
977,58,46,SECONDARY,1
978,66,42,SECONDARY,1
979,364,42,SECONDARY,1
980,364,41,SECONDARY,1
981,364,39,SECONDARY,1
982,47,51,SECONDARY,1
983,211,49,SECONDARY,1
984,211,44,SECONDARY,1
985,213,43,SECONDARY,1
986,213,40,SECONDARY,1
987,213,57,SECONDARY,1
988,214,42,SECONDARY,1
989,214,39,SECONDARY,1
993,30,45,SECONDARY,1
994,31,39,SECONDARY,1
995,31,41,SECONDARY,1
996,31,40,SECONDARY,1
997,31,45,SECONDARY,1
998,32,39,SECONDARY,1
999,32,41,SECONDARY,1
1000,32,45,SECONDARY,1
1001,32,47,SECONDARY,1
1002,33,39,SECONDARY,1
1003,33,41,SECONDARY,1
1004,33,47,SECONDARY,1
1005,33,50,SECONDARY,1
1006,331,54,SECONDARY,1
1007,230,43,SECONDARY,1
1008,230,51,SECONDARY,1
1009,230,44,SECONDARY,1
1010,230,57,SECONDARY,1
1011,234,41,SECONDARY,1
1014,238,43,SECONDARY,1
1015,238,57,SECONDARY,1
1016,239,57,SECONDARY,1
1017,239,50,SECONDARY,1
1018,241,42,SECONDARY,1
1019,241,39,SECONDARY,1
1020,241,50,SECONDARY,1
1021,243,57,SECONDARY,1
1022,243,50,SECONDARY,1
1023,244,57,SECONDARY,1
1024,246,42,SECONDARY,1
1025,246,40,SECONDARY,1
1026,247,51,SECONDARY,1
1027,247,45,SECONDARY,1
1028,248,51,SECONDARY,1
1029,248,41,SECONDARY,1
1030,248,40,SECONDARY,1
1031,248,45,SECONDARY,1
1032,250,43,SECONDARY,1
1033,250,50,SECONDARY,1
1034,251,51,SECONDARY,1
1035,249,42,SECONDARY,1
1036,249,41,SECONDARY,1
1037,249,40,SECONDARY,1
1038,255,49,SECONDARY,1
1039,255,44,SECONDARY,1
1040,255,57,SECONDARY,1
1041,256,42,SECONDARY,1
1042,256,41,SECONDARY,1
1043,258,51,SECONDARY,1
1044,260,43,SECONDARY,1
1045,260,57,SECONDARY,1
1046,260,52,SECONDARY,1
1047,261,49,SECONDARY,1
1048,261,51,SECONDARY,1
1049,261,57,SECONDARY,1
1050,265,54,SECONDARY,1
1051,266,52,SECONDARY,1
1052,266,49,SECONDARY,1
1053,266,42,SECONDARY,1
1054,266,51,SECONDARY,1
1055,266,41,SECONDARY,1
1056,266,40,SECONDARY,1
1057,266,54,SECONDARY,1
1058,266,57,SECONDARY,1
1059,266,45,SECONDARY,1
1060,279,40,SECONDARY,1
1061,273,49,SECONDARY,1
1062,273,44,SECONDARY,1
1063,273,45,SECONDARY,1
1064,274,49,SECONDARY,1
1065,274,51,SECONDARY,1
1066,274,57,SECONDARY,1
1067,276,43,SECONDARY,1
990,30,39,PRIMARY,1
1068,276,50,SECONDARY,1
1069,277,42,SECONDARY,1
1070,277,41,SECONDARY,1
1071,277,40,SECONDARY,1
1072,278,42,SECONDARY,1
1073,278,40,SECONDARY,1
1074,281,42,SECONDARY,1
1075,281,41,SECONDARY,1
1076,281,40,SECONDARY,1
1077,283,42,SECONDARY,1
1078,283,51,SECONDARY,1
1079,283,44,SECONDARY,1
1080,283,57,SECONDARY,1
1081,284,57,SECONDARY,1
1082,285,49,SECONDARY,1
1083,285,45,SECONDARY,1
1084,286,41,SECONDARY,1
1085,286,57,SECONDARY,1
1086,287,43,SECONDARY,1
1087,287,57,SECONDARY,1
1088,287,50,SECONDARY,1
1089,308,42,SECONDARY,1
1090,308,43,SECONDARY,1
1091,308,51,SECONDARY,1
1092,308,41,SECONDARY,1
1093,308,40,SECONDARY,1
1094,308,54,SECONDARY,1
1095,308,57,SECONDARY,1
1096,308,45,SECONDARY,1
1097,308,50,SECONDARY,1
1098,280,56,SECONDARY,1
1099,280,42,SECONDARY,1
1100,280,41,SECONDARY,1
1101,280,40,SECONDARY,1
1102,290,57,SECONDARY,1
1103,291,57,SECONDARY,1
1104,292,49,SECONDARY,1
1105,295,43,SECONDARY,1
1106,295,44,SECONDARY,1
1107,293,41,SECONDARY,1
1108,298,44,SECONDARY,1
1109,298,57,SECONDARY,1
1110,298,50,SECONDARY,1
1111,300,43,SECONDARY,1
1112,300,57,SECONDARY,1
1113,301,43,SECONDARY,1
1114,301,44,SECONDARY,1
1115,301,57,SECONDARY,1
1116,302,43,SECONDARY,1
1117,302,44,SECONDARY,1
1118,302,57,SECONDARY,1
1119,303,43,SECONDARY,1
1120,303,54,SECONDARY,1
1121,303,57,SECONDARY,1
1122,306,41,SECONDARY,1
1123,307,41,SECONDARY,1
1124,307,40,SECONDARY,1
1125,311,49,SECONDARY,1
1126,311,57,SECONDARY,1
1127,312,41,SECONDARY,1
1128,312,40,SECONDARY,1
1129,312,57,SECONDARY,1
1130,315,57,SECONDARY,1
1131,315,50,SECONDARY,1
1132,316,56,SECONDARY,1
1133,316,41,SECONDARY,1
1134,316,54,SECONDARY,1
1135,320,57,SECONDARY,1
1136,322,52,SECONDARY,1
1137,322,56,SECONDARY,1
1138,322,42,SECONDARY,1
1139,322,41,SECONDARY,1
1140,322,40,SECONDARY,1
1141,322,54,SECONDARY,1
1142,325,56,SECONDARY,1
1143,325,42,SECONDARY,1
1144,325,41,SECONDARY,1
1145,325,40,SECONDARY,1
1146,327,52,SECONDARY,1
1147,327,51,SECONDARY,1
1148,329,56,SECONDARY,1
1149,329,42,SECONDARY,1
1150,329,41,SECONDARY,1
1151,329,39,SECONDARY,1
1152,333,42,SECONDARY,1
1153,333,41,SECONDARY,1
1154,333,40,SECONDARY,1
1155,337,43,SECONDARY,1
1156,337,57,SECONDARY,1
1157,338,52,SECONDARY,1
1158,338,57,SECONDARY,1
1159,338,50,SECONDARY,1
1160,340,56,SECONDARY,1
1161,340,41,SECONDARY,1
1162,340,40,SECONDARY,1
1163,340,39,SECONDARY,1
1164,340,57,SECONDARY,1
1165,343,56,SECONDARY,1
1166,343,42,SECONDARY,1
1167,343,41,SECONDARY,1
1168,343,40,SECONDARY,1
1169,343,39,SECONDARY,1
1170,346,42,SECONDARY,1
1171,346,41,SECONDARY,1
1172,346,39,SECONDARY,1
1173,350,43,SECONDARY,1
1174,350,57,SECONDARY,1
1175,350,50,SECONDARY,1
1176,347,52,SECONDARY,1
1177,347,44,SECONDARY,1
1178,347,54,SECONDARY,1
1179,355,56,SECONDARY,1
1180,355,42,SECONDARY,1
1181,355,41,SECONDARY,1
1182,355,54,SECONDARY,1
1183,355,39,SECONDARY,1
1184,355,57,SECONDARY,1
1185,355,45,SECONDARY,1
1186,356,42,SECONDARY,1
1187,366,40,SECONDARY,1
1188,366,39,SECONDARY,1
1189,367,49,SECONDARY,1
1190,367,44,SECONDARY,1
1191,368,49,SECONDARY,1
1192,368,57,SECONDARY,1
1013,26,57,SECONDARY,1
681,7,41,PRIMARY,1
682,7,54,PRIMARY,0.9
1193,7,40,PRIMARY,0.85
1194,7,39,SECONDARY,0.4
683,7,44,SECONDARY,0.5
1195,1,39,PRIMARY,1
666,1,41,PRIMARY,0.95
667,1,40,PRIMARY,0.7
1196,1,54,SECONDARY,0.8
1197,1,56,SECONDARY,0.3
1198,2,39,PRIMARY,1
669,2,41,PRIMARY,0.85
670,2,52,SECONDARY,0.7
1199,2,54,SECONDARY,0.5
1200,13,43,PRIMARY,1
696,13,50,PRIMARY,0.7
695,13,47,SECONDARY,0.6
1201,26,44,PRIMARY,1
727,26,49,PRIMARY,0.7
728,26,45,SECONDARY,0.5
1202,26,46,SECONDARY,0.4
1203,27,44,PRIMARY,1
730,27,49,PRIMARY,0.9
1204,27,51,SECONDARY,0.6
731,27,45,SECONDARY,0.4
1205,22,44,PRIMARY,1
716,22,45,PRIMARY,0.9
718,22,49,PRIMARY,0.6
717,22,46,SECONDARY,0.5
1206,22,54,SECONDARY,0.7
707,18,48,PRIMARY,1
706,18,50,PRIMARY,0.7
1207,18,43,SECONDARY,0.3
991,30,41,PRIMARY,0.95
992,30,40,PRIMARY,0.8
1208,30,44,SECONDARY,0.5
1209,30,48,SECONDARY,0.6
