"id","session_id","movement_id","exercise_role","order_in_session","superset_group","target_sets","target_rep_range_min","target_rep_range_max","target_rpe","target_rir","target_duration_seconds","default_rest_seconds","is_complex_lift","substitution_allowed","notes","user_id","stimulus","fatigue","circuit_id"
3036,8492,517,warmup,1,,1,,,,,180,,false,true,Full body mobility,1,,,
3037,8492,3,warmup,2,,2,8,8,,,,,false,true,Light weight warmup,1,,,
3038,8492,16,warmup,3,,2,10,10,,,,,false,true,Warmup sets,1,,,
3039,8492,25,warmup,4,,2,8,8,,,,,false,true,Light warmup,1,,,
3040,8492,82,main,5,,4,6,10,7,,,120,false,true,,1,,,
3041,8492,14,main,6,,4,6,10,7,,,120,false,true,,1,,,
3042,8492,23,main,7,,4,6,10,7,,,120,false,true,,1,,,
3043,8492,53,accessory,8,,3,10,15,7,,,60,false,true,,1,,,
3044,8492,49,accessory,9,,3,10,15,7,,,60,false,true,,1,,,
3045,8492,518,cooldown,10,,3,,,,,300,,false,true,Focus on trained muscles,1,,,
3046,8495,517,warmup,1,,1,,,,,180,,false,true,Full body mobility,1,,,
3047,8495,3,warmup,2,,2,8,8,,,,,false,true,Light weight warmup,1,,,
3048,8495,376,main,3,,4,6,10,7,,,120,false,true,,1,,,
3049,8495,11,main,4,,4,6,10,7,,,120,false,true,,1,,,
3050,8495,53,accessory,5,,3,10,15,7,,,60,false,true,,1,,,
3051,8495,52,accessory,6,,3,10,15,7,,,60,false,true,,1,,,
3052,8495,518,cooldown,7,,3,,,,,300,,false,true,Focus on trained muscles,1,,,
3053,8485,517,warmup,1,,1,,,,,180,,false,true,Full body mobility,1,,,
3054,8485,16,warmup,2,,2,10,10,,,,,false,true,Warmup sets,1,,,
3055,8485,25,warmup,3,,2,8,8,,,,,false,true,Light warmup,1,,,
3056,8485,14,main,4,,4,6,10,7,,,120,false,true,,1,,,
3057,8485,23,main,5,,4,6,10,7,,,120,false,true,,1,,,
3058,8485,49,accessory,6,,3,10,15,7,,,60,false,true,,1,,,
3059,8485,47,accessory,7,,3,10,15,7,,,60,false,true,,1,,,
3060,8485,518,cooldown,8,,3,,,,,300,,false,true,Focus on trained muscles,1,,,
3061,8488,517,warmup,1,,1,,,,,180,,false,true,Full body mobility,1,,,
3062,8488,16,warmup,2,,2,10,10,,,,,false,true,Warmup sets,1,,,
3063,8488,25,warmup,3,,2,8,8,,,,,false,true,Light warmup,1,,,
3064,8488,544,main,4,,4,6,10,7,,,120,false,true,,1,,,
3065,8488,28,main,5,,4,6,10,7,,,120,false,true,,1,,,
3066,8488,49,accessory,6,,3,10,15,7,,,60,false,true,,1,,,
3067,8488,47,accessory,7,,3,10,15,7,,,60,false,true,,1,,,
3068,8488,518,cooldown,8,,3,,,,,300,,false,true,Focus on trained muscles,1,,,
3069,8487,517,warmup,1,,1,,,,,180,,false,true,Full body mobility,1,,,
3070,8487,3,warmup,2,,2,8,8,,,,,false,true,Light weight warmup,1,,,
3071,8487,376,main,3,,4,6,10,7,,,120,false,true,,1,,,
3072,8487,11,main,4,,4,6,10,7,,,120,false,true,,1,,,
3073,8487,53,accessory,5,,3,10,15,7,,,60,false,true,,1,,,
3074,8487,52,accessory,6,,3,10,15,7,,,60,false,true,,1,,,
3075,8487,518,cooldown,7,,3,,,,,300,,false,true,Focus on trained muscles,1,,,
3076,8490,517,warmup,1,,1,,,,,180,,false,true,Full body mobility,1,,,
3077,8490,3,warmup,2,,2,8,8,,,,,false,true,Light weight warmup,1,,,
3078,8490,11,main,3,,4,6,10,7,,,120,false,true,,1,,,
3079,8490,82,main,4,,4,6,10,7,,,120,false,true,,1,,,
3080,8490,52,accessory,5,,3,10,15,7,,,60,false,true,,1,,,
3081,8490,53,accessory,6,,3,10,15,7,,,60,false,true,,1,,,
3082,8490,518,cooldown,7,,3,,,,,300,,false,true,Focus on trained muscles,1,,,
3083,8494,517,warmup,1,,1,,,,,180,,false,true,Full body mobility,1,,,
3084,8494,16,warmup,2,,2,10,10,,,,,false,true,Warmup sets,1,,,
3085,8494,25,warmup,3,,2,8,8,,,,,false,true,Light warmup,1,,,
3086,8494,544,main,4,,4,6,10,7,,,120,false,true,,1,,,
3087,8494,28,main,5,,4,6,10,7,,,120,false,true,,1,,,
3088,8494,49,accessory,6,,3,10,15,7,,,60,false,true,,1,,,
3089,8494,47,accessory,7,,3,10,15,7,,,60,false,true,,1,,,
3090,8494,518,cooldown,8,,3,,,,,300,,false,true,Focus on trained muscles,1,,,
3091,8497,517,warmup,1,,1,,,,,180,,false,true,Full body mobility,1,,,
3092,8497,16,warmup,2,,2,10,10,,,,,false,true,Warmup sets,1,,,
3093,8497,25,warmup,3,,2,8,8,,,,,false,true,Light warmup,1,,,
3094,8497,14,main,4,,4,6,10,7,,,120,false,true,,1,,,
3095,8497,23,main,5,,4,6,10,7,,,120,false,true,,1,,,
3096,8497,49,accessory,6,,3,10,15,7,,,60,false,true,,1,,,
3097,8497,47,accessory,7,,3,10,15,7,,,60,false,true,,1,,,
3098,8497,518,cooldown,8,,3,,,,,300,,false,true,Focus on trained muscles,1,,,
3099,8509,517,warmup,1,,1,,,,,180,,false,true,Full body mobility,1,,,
3100,8509,3,warmup,2,,2,8,8,,,,,false,true,Light weight warmup,1,,,
3101,8509,376,main,3,,4,6,10,7,,,120,false,true,,1,,,
3102,8509,11,main,4,,4,6,10,7,,,120,false,true,,1,,,
3103,8509,53,accessory,5,,3,10,15,7,,,60,false,true,,1,,,
3104,8509,52,accessory,6,,3,10,15,7,,,60,false,true,,1,,,
3105,8509,518,cooldown,7,,3,,,,,300,,false,true,Focus on trained muscles,1,,,
3106,8511,517,warmup,1,,1,,,,,180,,false,true,Full body mobility,1,,,
3107,8511,16,warmup,2,,2,10,10,,,,,false,true,Warmup sets,1,,,
3108,8511,25,warmup,3,,2,8,8,,,,,false,true,Light warmup,1,,,
3109,8511,14,main,4,,4,6,10,7,,,120,false,true,,1,,,
3110,8511,23,main,5,,4,6,10,7,,,120,false,true,,1,,,
3111,8511,49,accessory,6,,3,10,15,7,,,60,false,true,,1,,,
3112,8511,47,accessory,7,,3,10,15,7,,,60,false,true,,1,,,
3113,8511,518,cooldown,8,,3,,,,,300,,false,true,Focus on trained muscles,1,,,
3114,8499,517,warmup,1,,1,,,,,180,,false,true,Full body mobility,1,,,
3115,8499,16,warmup,2,,2,10,10,,,,,false,true,Warmup sets,1,,,
3116,8499,25,warmup,3,,2,8,8,,,,,false,true,Light warmup,1,,,
3117,8499,14,main,4,,4,6,10,7,,,120,false,true,,1,,,
3118,8499,23,main,5,,4,6,10,7,,,120,false,true,,1,,,
3119,8499,49,accessory,6,,3,10,15,7,,,60,false,true,,1,,,
3120,8499,47,accessory,7,,3,10,15,7,,,60,false,true,,1,,,
3121,8499,518,cooldown,8,,3,,,,,300,,false,true,Focus on trained muscles,1,,,
3122,8501,517,warmup,1,,1,,,,,180,,false,true,Full body mobility,1,,,
3123,8501,3,warmup,2,,2,8,8,,,,,false,true,Light weight warmup,1,,,
3124,8501,376,main,3,,4,6,10,7,,,120,false,true,,1,,,
3125,8501,11,main,4,,4,6,10,7,,,120,false,true,,1,,,
3126,8501,53,accessory,5,,3,10,15,7,,,60,false,true,,1,,,
3127,8501,52,accessory,6,,3,10,15,7,,,60,false,true,,1,,,
3128,8501,518,cooldown,7,,3,,,,,300,,false,true,Focus on trained muscles,1,,,
3129,8502,517,warmup,1,,1,,,,,180,,false,true,Full body mobility,1,,,
3130,8502,16,warmup,2,,2,10,10,,,,,false,true,Warmup sets,1,,,
3131,8502,25,warmup,3,,2,8,8,,,,,false,true,Light warmup,1,,,
3132,8502,544,main,4,,4,6,10,7,,,120,false,true,,1,,,
3133,8502,28,main,5,,4,6,10,7,,,120,false,true,,1,,,
3134,8502,49,accessory,6,,3,10,15,7,,,60,false,true,,1,,,
3135,8502,47,accessory,7,,3,10,15,7,,,60,false,true,,1,,,
3136,8502,518,cooldown,8,,3,,,,,300,,false,true,Focus on trained muscles,1,,,
3137,8504,517,warmup,1,,1,,,,,180,,false,true,Full body mobility,1,,,
3138,8504,3,warmup,2,,2,8,8,,,,,false,true,Light weight warmup,1,,,
3139,8504,11,main,3,,4,6,10,7,,,120,false,true,,1,,,
3140,8504,82,main,4,,4,6,10,7,,,120,false,true,,1,,,
3141,8504,52,accessory,5,,3,10,15,7,,,60,false,true,,1,,,
3142,8504,53,accessory,6,,3,10,15,7,,,60,false,true,,1,,,
3143,8504,518,cooldown,7,,3,,,,,300,,false,true,Focus on trained muscles,1,,,
3144,8506,517,warmup,1,,1,,,,,180,,false,true,Full body mobility,1,,,
3145,8506,3,warmup,2,,2,8,8,,,,,false,true,Light weight warmup,1,,,
3146,8506,16,warmup,3,,2,10,10,,,,,false,true,Warmup sets,1,,,
3147,8506,25,warmup,4,,2,8,8,,,,,false,true,Light warmup,1,,,
3148,8506,82,main,5,,4,6,10,7,,,120,false,true,,1,,,
3149,8506,14,main,6,,4,6,10,7,,,120,false,true,,1,,,
3150,8506,23,main,7,,4,6,10,7,,,120,false,true,,1,,,
3151,8506,53,accessory,8,,3,10,15,7,,,60,false,true,,1,,,
3152,8506,49,accessory,9,,3,10,15,7,,,60,false,true,,1,,,
3153,8506,518,cooldown,10,,3,,,,,300,,false,true,Focus on trained muscles,1,,,
3154,8508,517,warmup,1,,1,,,,,180,,false,true,Full body mobility,1,,,
3155,8508,16,warmup,2,,2,10,10,,,,,false,true,Warmup sets,1,,,
3156,8508,25,warmup,3,,2,8,8,,,,,false,true,Light warmup,1,,,
3157,8508,544,main,4,,4,6,10,7,,,120,false,true,,1,,,
3158,8508,28,main,5,,4,6,10,7,,,120,false,true,,1,,,
3159,8508,49,accessory,6,,3,10,15,7,,,60,false,true,,1,,,
3160,8508,47,accessory,7,,3,10,15,7,,,60,false,true,,1,,,
3161,8508,518,cooldown,8,,3,,,,,300,,false,true,Focus on trained muscles,1,,,
3162,8513,517,warmup,1,,1,,,,,180,,false,true,Full body mobility,1,,,
3163,8513,16,warmup,2,,2,10,10,,,,,false,true,Warmup sets,1,,,
3164,8513,25,warmup,3,,2,8,8,,,,,false,true,Light warmup,1,,,
3165,8513,14,main,4,,4,6,10,7,,,120,false,true,,1,,,
3166,8513,23,main,5,,4,6,10,7,,,120,false,true,,1,,,
3167,8513,49,accessory,6,,3,10,15,7,,,60,false,true,,1,,,
3168,8513,47,accessory,7,,3,10,15,7,,,60,false,true,,1,,,
3169,8513,518,cooldown,8,,3,,,,,300,,false,true,Focus on trained muscles,1,,,
3170,8515,517,warmup,1,,1,,,,,180,,false,true,Full body mobility,1,,,
3171,8515,3,warmup,2,,2,8,8,,,,,false,true,Light weight warmup,1,,,
3172,8515,376,main,3,,4,6,10,7,,,120,false,true,,1,,,
3173,8515,11,main,4,,4,6,10,7,,,120,false,true,,1,,,
3174,8515,53,accessory,5,,3,10,15,7,,,60,false,true,,1,,,
3175,8515,52,accessory,6,,3,10,15,7,,,60,false,true,,1,,,
3176,8515,518,cooldown,7,,3,,,,,300,,false,true,Focus on trained muscles,1,,,
3177,8516,517,warmup,1,,1,,,,,180,,false,true,Full body mobility,1,,,
3178,8516,16,warmup,2,,2,10,10,,,,,false,true,Warmup sets,1,,,
3179,8516,25,warmup,3,,2,8,8,,,,,false,true,Light warmup,1,,,
3180,8516,544,main,4,,4,6,10,7,,,120,false,true,,1,,,
3181,8516,28,main,5,,4,6,10,7,,,120,false,true,,1,,,
3182,8516,49,accessory,6,,3,10,15,7,,,60,false,true,,1,,,
3183,8516,47,accessory,7,,3,10,15,7,,,60,false,true,,1,,,
3184,8516,518,cooldown,8,,3,,,,,300,,false,true,Focus on trained muscles,1,,,
3185,8518,517,warmup,1,,1,,,,,180,,false,true,Full body mobility,1,,,
3186,8518,3,warmup,2,,2,8,8,,,,,false,true,Light weight warmup,1,,,
3187,8518,11,main,3,,4,6,10,7,,,120,false,true,,1,,,
3188,8518,82,main,4,,4,6,10,7,,,120,false,true,,1,,,
3189,8518,52,accessory,5,,3,10,15,7,,,60,false,true,,1,,,
3190,8518,53,accessory,6,,3,10,15,7,,,60,false,true,,1,,,
3191,8518,518,cooldown,7,,3,,,,,300,,false,true,Focus on trained muscles,1,,,
3192,8520,517,warmup,1,,1,,,,,180,,false,true,Full body mobility,1,,,
3193,8520,3,warmup,2,,2,8,8,,,,,false,true,Light weight warmup,1,,,
3194,8520,16,warmup,3,,2,10,10,,,,,false,true,Warmup sets,1,,,
3195,8520,25,warmup,4,,2,8,8,,,,,false,true,Light warmup,1,,,
3196,8520,82,main,5,,4,6,10,7,,,120,false,true,,1,,,
3197,8520,14,main,6,,4,6,10,7,,,120,false,true,,1,,,
3198,8520,23,main,7,,4,6,10,7,,,120,false,true,,1,,,
3199,8520,53,accessory,8,,3,10,15,7,,,60,false,true,,1,,,
3200,8520,49,accessory,9,,3,10,15,7,,,60,false,true,,1,,,
3201,8520,518,cooldown,10,,3,,,,,300,,false,true,Focus on trained muscles,1,,,
3202,8522,517,warmup,1,,1,,,,,180,,false,true,Full body mobility,1,,,
3203,8522,16,warmup,2,,2,10,10,,,,,false,true,Warmup sets,1,,,
3204,8522,25,warmup,3,,2,8,8,,,,,false,true,Light warmup,1,,,
3205,8522,544,main,4,,4,6,10,7,,,120,false,true,,1,,,
3206,8522,28,main,5,,4,6,10,7,,,120,false,true,,1,,,
3207,8522,49,accessory,6,,3,10,15,7,,,60,false,true,,1,,,
3208,8522,47,accessory,7,,3,10,15,7,,,60,false,true,,1,,,
3209,8522,518,cooldown,8,,3,,,,,300,,false,true,Focus on trained muscles,1,,,
